{
  "avg_flow": 0.23169377446174622,
  "avg_contrast": 59.14947668568135,
  "avg_area": 28426.25
}