{
  "avg_flow": 0.2456798255443573,
  "avg_contrast": 50.416256749573435,
  "avg_area": 28404.159090909092
}